[
  {
    "id": "rJKAbDd_z",
    "companyId": "HJRa-DOuG",
    "title": "Frontend Developer",
    "description": "We are looking for a Frontend Developer familiar with React."
  },
  {
    "id": "SJRAZDu_z",
    "companyId": "HJRa-DOuG",
    "title": "Backend Developer",
    "description": "We are looking for a Backend Developer familiar with Node.js and Express."
  },
  {
    "id": "rkz1GwOOM",
    "companyId": "SJV0-wdOM",
    "title": "Full-Stack Developer",
    "description": "We are looking for a Full-Stack Developer familiar with Node.js, Express, and React."
  },
  {
    "id": "r14uUrt6V",
    "companyId": "HJRa-DOuG",
    "title": "asdsdsd",
    "description": "fdsdffgdfg"
  },
  {
    "id": "BJaewBYpN",
    "companyId": "HJRa-DOuG",
    "title": "kani",
    "description": "front end"
  },
  {
    "id": "Sy_KFBtTN",
    "companyId": "HJRa-DOuG",
    "title": "job3",
    "description": "jsafsdfsgfdg"
  }
]